[
    {
        "UUID": "797f2db2-1f7c-4cb1-8c2b-b71ff0734731",
        "Full name": "Mrs. Nick Beier",
        "Email": "Alta.Glover10@yahoo.com",
        "Phone number": "1-648-795-2927",
        "Country": "Liechtenstein"
    },
    {
        "UUID": "b342eb00-6f26-4a0e-840e-6d6f2f05458c",
        "Full name": "Ericka Brown",
        "Email": "Alba_Kuphal60@hotmail.com",
        "Phone number": "790.846.5765",
        "Country": "Suriname"
    },
    {
        "UUID": "ef0ee475-79b1-48b7-bdcf-0a4d4a302d63",
        "Full name": "Tyrique Witting MD",
        "Email": "Stefanie_Sanford26@hotmail.com",
        "Phone number": "151-421-7388",
        "Country": "Rwanda"
    },
    {
        "UUID": "0e8db160-1d14-4d4d-9dba-f2db900f7050",
        "Full name": "Sarina Ruecker",
        "Email": "Mollie.Monahan@hotmail.com",
        "Phone number": "1-639-414-5136",
        "Country": "Namibia"
    },
    {
        "UUID": "54ac6bcc-5f9b-4761-91bd-09672bf86a88",
        "Full name": "Ms. Reinhold Watsica",
        "Email": "Raquel_Lakin75@yahoo.com",
        "Phone number": "(558) 678-2776",
        "Country": "Eritrea"
    },
    {
        "UUID": "9eaba564-b301-439c-8152-8582f82fc7ed",
        "Full name": "Mohammad Lockman",
        "Email": "Donny91@hotmail.com",
        "Phone number": "1-893-299-8667 x338",
        "Country": "Guinea"
    },
    {
        "UUID": "356cd20c-2d2c-4835-b292-f5bb6e121172",
        "Full name": "Ivah Jacobi",
        "Email": "Keyshawn82@hotmail.com",
        "Phone number": "(709) 110-6373 x643",
        "Country": "Cyprus"
    },
    {
        "UUID": "46f27ec5-121f-4291-b0f1-c0611b81e1de",
        "Full name": "Mr. Juston Wyman",
        "Email": "Holly_Carroll@gmail.com",
        "Phone number": "586-143-6296 x98370",
        "Country": "Turkey"
    },
    {
        "UUID": "266f9cf7-d7c8-4301-9063-d31ecd4095e3",
        "Full name": "Vance Gulgowski",
        "Email": "Justine.Ullrich@hotmail.com",
        "Phone number": "1-644-526-7884 x5341",
        "Country": "Benin"
    },
    {
        "UUID": "ec79feab-34c5-42ef-a5f4-957476484345",
        "Full name": "Roselyn Rohan Sr.",
        "Email": "Piper25@hotmail.com",
        "Phone number": "(200) 596-9755",
        "Country": "Ghana"
    },
    {
        "UUID": "5be9ea37-64bc-42f6-a7ce-f5314a30b0b9",
        "Full name": "Kadin Kuvalis",
        "Email": "Odie_Wilderman@yahoo.com",
        "Phone number": "(935) 000-0032 x493",
        "Country": "Uzbekistan"
    },
    {
        "UUID": "cea0165c-3bc4-4163-9bc1-3f867fbfc87e",
        "Full name": "Euna McDermott I",
        "Email": "Korey.Dibbert@yahoo.com",
        "Phone number": "(956) 855-5194",
        "Country": "Djibouti"
    },
    {
        "UUID": "72ff6f44-a76c-4a48-b5c9-447b898d5e3b",
        "Full name": "Carmel Howell IV",
        "Email": "Lenny2@hotmail.com",
        "Phone number": "282.322.6044 x47382",
        "Country": "Bahamas"
    },
    {
        "UUID": "a90e124f-d1b8-4ecd-8218-0384f33955cc",
        "Full name": "Quinten Gulgowski",
        "Email": "Rylan_Treutel@hotmail.com",
        "Phone number": "016-768-3945 x97968",
        "Country": "South Africa"
    },
    {
        "UUID": "4283c497-1280-4502-beae-a831b7e6cb6d",
        "Full name": "Guy Stark Jr.",
        "Email": "Grace.Kutch@yahoo.com",
        "Phone number": "309-309-1230",
        "Country": "Montenegro"
    },
    {
        "UUID": "614017a4-5d95-41d8-95e6-ba1da5de7683",
        "Full name": "Magali Armstrong",
        "Email": "Liliana75@yahoo.com",
        "Phone number": "(191) 481-9662",
        "Country": "American Samoa"
    },
    {
        "UUID": "2c15a851-f816-4ce4-aa64-f2c3493e81d3",
        "Full name": "Jace Homenick",
        "Email": "Princess_Mohr19@hotmail.com",
        "Phone number": "1-744-066-9620",
        "Country": "Mauritania"
    },
    {
        "UUID": "7634e513-9565-4cb1-8004-24bf6fe19e4b",
        "Full name": "Wilma Reichert",
        "Email": "Layla.Mante@yahoo.com",
        "Phone number": "241.432.8049 x4835",
        "Country": "Guatemala"
    },
    {
        "UUID": "6b2f343d-9af6-4475-a7ac-bb73e6622769",
        "Full name": "Raul Conn",
        "Email": "Jay78@hotmail.com",
        "Phone number": "1-964-906-5040 x553",
        "Country": "Lesotho"
    },
    {
        "UUID": "c9d4a24f-ace5-4d87-8d47-fb0680053ba5",
        "Full name": "Alysson Kutch",
        "Email": "Ora_Kutch81@gmail.com",
        "Phone number": "991.121.4253 x43526",
        "Country": "Bosnia and Herzegovina"
    },
    {
        "UUID": "ab875741-11d9-4229-9e6e-97d9ae3c3eca",
        "Full name": "Ms. Jammie Grant",
        "Email": "Malinda12@yahoo.com",
        "Phone number": "345-408-9154 x6142",
        "Country": "Iraq"
    },
    {
        "UUID": "4118d74f-f1ca-407f-a4ca-826bdd0df592",
        "Full name": "Justen Harber",
        "Email": "Hilda82@hotmail.com",
        "Phone number": "290-901-9186",
        "Country": "Lesotho"
    },
    {
        "UUID": "61e4bfcf-b586-4d0f-b102-e7e10896a8b8",
        "Full name": "Forrest Gaylord",
        "Email": "Dangelo.Gerhold@yahoo.com",
        "Phone number": "642-197-1278 x327",
        "Country": "Dominican Republic"
    },
    {
        "UUID": "cd010de3-6a2d-4a0d-921b-1c825ab41362",
        "Full name": "Daren Hane",
        "Email": "Osvaldo10@gmail.com",
        "Phone number": "(929) 480-3041",
        "Country": "Sweden"
    },
    {
        "UUID": "11473569-7dee-4dbb-8f8d-2ba16b2175d4",
        "Full name": "Michel Reichert",
        "Email": "Grover_Conn@gmail.com",
        "Phone number": "734.421.4569",
        "Country": "Christmas Island"
    },
    {
        "UUID": "0ff7eaa8-5e73-4ad9-a5c5-17128bbada6d",
        "Full name": "Gerard Oberbrunner",
        "Email": "Darius.Hegmann89@hotmail.com",
        "Phone number": "1-341-235-4926 x49621",
        "Country": "Bouvet Island (Bouvetoya)"
    },
    {
        "UUID": "f48c30c4-d24c-4cab-bcfd-e57acc077972",
        "Full name": "Felicity Morissette",
        "Email": "Jacky_Kessler@yahoo.com",
        "Phone number": "511.204.4922",
        "Country": "Italy"
    },
    {
        "UUID": "a54ae02f-ec8e-48fd-91f9-a567f9a55190",
        "Full name": "Tre Kilback",
        "Email": "Wilfrid_Hilpert@yahoo.com",
        "Phone number": "(152) 742-9541 x44226",
        "Country": "Cayman Islands"
    },
    {
        "UUID": "e77cb1ac-4eb2-4ac8-adc9-70e79f0111ac",
        "Full name": "Hettie Kutch",
        "Email": "Amira51@hotmail.com",
        "Phone number": "648-594-7095 x957",
        "Country": "United Arab Emirates"
    },
    {
        "UUID": "99e4dcb9-761a-4003-acfd-41c0858b2d75",
        "Full name": "Van Hilpert",
        "Email": "Shannon90@gmail.com",
        "Phone number": "211-841-3688",
        "Country": "Vanuatu"
    },
    {
        "UUID": "be17221b-8b12-4c26-b0c3-949c01ead77a",
        "Full name": "Cindy Haley",
        "Email": "Guillermo_Blanda11@hotmail.com",
        "Phone number": "841-352-9527 x021",
        "Country": "Luxembourg"
    },
    {
        "UUID": "4c97da19-508d-4dfe-94ee-29bdba13f923",
        "Full name": "Jeffrey Towne",
        "Email": "Casey74@gmail.com",
        "Phone number": "430-468-1010 x1025",
        "Country": "Japan"
    },
    {
        "UUID": "dfaf27f7-b8d2-473a-800f-82408f19d851",
        "Full name": "Lavinia Doyle",
        "Email": "Weston80@yahoo.com",
        "Phone number": "(470) 758-1723",
        "Country": "Vanuatu"
    },
    {
        "UUID": "e158ac4f-4593-47ee-b84c-01c76de04a1b",
        "Full name": "Makenna Yost",
        "Email": "Weldon86@yahoo.com",
        "Phone number": "316-344-2940",
        "Country": "Costa Rica"
    },
    {
        "UUID": "a6ab8b6e-16f0-45a9-9ab9-d82948131a45",
        "Full name": "Kaden Shields III",
        "Email": "Schuyler.Emard@hotmail.com",
        "Phone number": "1-659-032-2585",
        "Country": "South Africa"
    },
    {
        "UUID": "4edf9864-df4d-4003-aad9-f0769cd3b403",
        "Full name": "Felipe Schmidt",
        "Email": "Kirk_Berge@gmail.com",
        "Phone number": "(094) 281-1169",
        "Country": "Saint Helena"
    },
    {
        "UUID": "3fd237ad-5629-4363-b365-5c7f8f0e36ff",
        "Full name": "Connie Homenick",
        "Email": "Astrid12@gmail.com",
        "Phone number": "1-314-501-8260",
        "Country": "Democratic People's Republic of Korea"
    },
    {
        "UUID": "9886b2a5-1320-4ce3-bdf8-30090ba57e53",
        "Full name": "Reanna Yost",
        "Email": "Earnest_Daniel90@hotmail.com",
        "Phone number": "(479) 182-4310",
        "Country": "Bhutan"
    },
    {
        "UUID": "86d36ad2-8857-486a-9d11-254cd4a11b8d",
        "Full name": "Harold Ratke II",
        "Email": "Bethany.Ankunding68@yahoo.com",
        "Phone number": "(220) 340-1018 x06790",
        "Country": "Kiribati"
    },
    {
        "UUID": "c038af97-425c-4fcc-8c89-1679a7fe7a19",
        "Full name": "Aida Jerde",
        "Email": "Juanita2@yahoo.com",
        "Phone number": "354-545-3771",
        "Country": "Heard Island and McDonald Islands"
    }
]