[
    {
        "UUID": "147efd9a-a488-4d0f-a96b-6ec45ffd6e80",
        "Full name": "Mr. Jessica Mante",
        "Email": "Marcus_Kirlin72@yahoo.com",
        "Phone number": "210-875-3791 x589",
        "Country": "Republic of Korea"
    },
    {
        "UUID": "71ba7ddd-4cb2-46a4-9a9c-34ef9f9bdaa1",
        "Full name": "Ilene Huel",
        "Email": "Valerie_Beahan@gmail.com",
        "Phone number": "214.725.2233 x0538",
        "Country": "Finland"
    },
    {
        "UUID": "7058bd6a-7aff-4084-8c1a-42b9f94935db",
        "Full name": "Lois Keebler IV",
        "Email": "Courtney.Brakus@gmail.com",
        "Phone number": "209-895-8466",
        "Country": "Cocos (Keeling) Islands"
    },
    {
        "UUID": "9e119073-2dc9-4876-92f9-c7258370cf9d",
        "Full name": "Glenda Schmeler",
        "Email": "Tatyana.Welch76@gmail.com",
        "Phone number": "1-925-993-7862 x150",
        "Country": "United Kingdom"
    },
    {
        "UUID": "f04962c6-15d9-43a0-be35-b4bcf3ca60ed",
        "Full name": "Joel Quitzon",
        "Email": "Christop.Nicolas40@gmail.com",
        "Phone number": "503.616.3293 x18396",
        "Country": "Pakistan"
    },
    {
        "UUID": "58765c89-4656-435a-88d1-b0a7869c1d55",
        "Full name": "Eloy Cassin",
        "Email": "Nikita46@yahoo.com",
        "Phone number": "682.716.5824 x4358",
        "Country": "Reunion"
    },
    {
        "UUID": "5a257a19-c06a-4f32-ac5a-226fc0f9502f",
        "Full name": "Lillie Wuckert II",
        "Email": "Christopher95@yahoo.com",
        "Phone number": "1-475-998-9065 x68512",
        "Country": "Trinidad and Tobago"
    },
    {
        "UUID": "a08dacbc-2848-4192-b7c6-c01665cc43b6",
        "Full name": "Mr. Caroline Johnson",
        "Email": "Claud30@yahoo.com",
        "Phone number": "796.911.6550",
        "Country": "Republic of Korea"
    },
    {
        "UUID": "15e19f4f-4a17-4a5e-925b-d59e6afc2e33",
        "Full name": "Marisol Harris",
        "Email": "Hector8@hotmail.com",
        "Phone number": "1-937-477-4237 x3834",
        "Country": "Guinea-Bissau"
    },
    {
        "UUID": "0c4fd702-e1f7-444d-b8bb-441e3df5f9f3",
        "Full name": "Hope Durgan",
        "Email": "Emmitt_Kuhn@yahoo.com",
        "Phone number": "357.609.0113 x9863",
        "Country": "Romania"
    },
    {
        "UUID": "b219edf6-25fd-456e-bb00-5f4ee177ed70",
        "Full name": "Winston Stiedemann",
        "Email": "Willa.Armstrong@hotmail.com",
        "Phone number": "563-568-9927 x95948",
        "Country": "Brunei Darussalam"
    },
    {
        "UUID": "0662ab16-8189-48c7-a994-eb1f4f8fb368",
        "Full name": "Mr. Shane Jacobs",
        "Email": "Abe93@gmail.com",
        "Phone number": "444-943-6334 x73901",
        "Country": "Fiji"
    },
    {
        "UUID": "bec27af4-59cc-473b-a9ff-b593e396b8a4",
        "Full name": "Mr. Darlene Stark",
        "Email": "Fletcher42@gmail.com",
        "Phone number": "(458) 497-2118",
        "Country": "Lesotho"
    },
    {
        "UUID": "d7bc17d9-0a36-42cc-a7b1-283301a92264",
        "Full name": "Lelah Hand",
        "Email": "Cassandra.Bauch@yahoo.com",
        "Phone number": "1-875-084-6544",
        "Country": "Haiti"
    },
    {
        "UUID": "e39c49a9-5ae7-4b05-8d12-6037288c1776",
        "Full name": "Mercedes Lebsack I",
        "Email": "Kenna75@hotmail.com",
        "Phone number": "319-666-9328 x1084",
        "Country": "Bulgaria"
    },
    {
        "UUID": "cdbe1a63-71db-46ed-9258-7e4b7b3f27fb",
        "Full name": "Mr. Lexus Koch",
        "Email": "Rodrick75@hotmail.com",
        "Phone number": "102-776-4066 x2406",
        "Country": "Turks and Caicos Islands"
    },
    {
        "UUID": "eddd6563-bf64-4df3-80b4-d820c1c80a43",
        "Full name": "Greta Rau",
        "Email": "Maxime.Connelly@hotmail.com",
        "Phone number": "(033) 391-1030",
        "Country": "Turkey"
    },
    {
        "UUID": "9f8c2a00-7dbf-4656-bda2-044c8da3d989",
        "Full name": "Frida Hoppe",
        "Email": "Jerald15@yahoo.com",
        "Phone number": "(695) 515-1448",
        "Country": "Antigua and Barbuda"
    },
    {
        "UUID": "c9591cd9-b240-49c4-898a-e68e5b739727",
        "Full name": "Miracle Hudson",
        "Email": "Lonzo86@yahoo.com",
        "Phone number": "1-347-168-0127 x5423",
        "Country": "Cape Verde"
    },
    {
        "UUID": "699b0186-e9c4-467d-8d1b-10fd6c7257ec",
        "Full name": "Amelie Volkman",
        "Email": "Dane44@gmail.com",
        "Phone number": "1-105-964-0804 x35765",
        "Country": "Bahrain"
    },
    {
        "UUID": "5be88968-4ec3-4a19-97ab-da376a3e71c3",
        "Full name": "Ardith Goodwin",
        "Email": "Miguel_Kunde58@yahoo.com",
        "Phone number": "1-011-115-5535",
        "Country": "Saint Lucia"
    },
    {
        "UUID": "bb451a35-5751-43e5-adbc-ff9b0e206d54",
        "Full name": "Jazmin Gerlach",
        "Email": "Meghan_VonRueden76@hotmail.com",
        "Phone number": "150.980.9167 x137",
        "Country": "Japan"
    },
    {
        "UUID": "efc08235-677e-4e9d-a502-d5a5b3188a9e",
        "Full name": "Lula McClure",
        "Email": "Shyanne87@hotmail.com",
        "Phone number": "824.371.5634",
        "Country": "Macedonia"
    },
    {
        "UUID": "38d00144-6ccf-4612-b0e6-d1612272f577",
        "Full name": "Larry Hickle",
        "Email": "Raphael.Cronin@gmail.com",
        "Phone number": "664-536-6503 x958",
        "Country": "Sri Lanka"
    },
    {
        "UUID": "e4e3f460-bb4c-4cdc-9502-253412589638",
        "Full name": "Juston Bins",
        "Email": "Reginald61@gmail.com",
        "Phone number": "1-227-829-3343",
        "Country": "Kenya"
    },
    {
        "UUID": "68f6eedc-a08f-47a3-abea-dd94d62c1ba4",
        "Full name": "Corbin Raynor",
        "Email": "Joe71@yahoo.com",
        "Phone number": "1-849-741-6694",
        "Country": "Uganda"
    },
    {
        "UUID": "ff672a5e-a407-4e79-be4e-6d15458a9352",
        "Full name": "Bette Schaefer",
        "Email": "Jacklyn_Wuckert@gmail.com",
        "Phone number": "259-796-8731 x17540",
        "Country": "Armenia"
    },
    {
        "UUID": "62171e64-3663-4e66-98e7-d9b8ef62f634",
        "Full name": "Holly Kling",
        "Email": "Laurence35@gmail.com",
        "Phone number": "(398) 466-3892 x516",
        "Country": "Gabon"
    },
    {
        "UUID": "93813102-db70-412b-a5ef-328e7e81d0fd",
        "Full name": "Aisha Morar PhD",
        "Email": "Abelardo_Luettgen@gmail.com",
        "Phone number": "1-296-892-8807 x3267",
        "Country": "Zimbabwe"
    },
    {
        "UUID": "ef495cb6-afc8-4863-8055-b76061b80834",
        "Full name": "Cordia Muller",
        "Email": "Jadon.Schaden@yahoo.com",
        "Phone number": "527.727.8064",
        "Country": "Virgin Islands, U.S."
    },
    {
        "UUID": "f8b37b9c-60b6-46cf-8495-c89479628608",
        "Full name": "Shaina Williamson",
        "Email": "Norene_Wunsch@yahoo.com",
        "Phone number": "479-013-6431",
        "Country": "Austria"
    },
    {
        "UUID": "82017c3b-f47d-4b8a-89b2-8cc5418ece57",
        "Full name": "Alfredo Labadie",
        "Email": "Timothy_Rolfson31@yahoo.com",
        "Phone number": "(122) 686-7676",
        "Country": "Saint Helena"
    },
    {
        "UUID": "0c3dea13-cf74-4bd8-a8c9-4c60784a3d6d",
        "Full name": "Astrid Renner",
        "Email": "Carter86@yahoo.com",
        "Phone number": "(386) 195-0095 x195",
        "Country": "Bermuda"
    },
    {
        "UUID": "8cfba5b5-358e-4c77-b6e5-d8c015c69d30",
        "Full name": "Amber Koch",
        "Email": "Harvey.Feil4@gmail.com",
        "Phone number": "118-154-0953 x265",
        "Country": "American Samoa"
    },
    {
        "UUID": "716acfa7-d193-4685-b8e7-663159b7eac2",
        "Full name": "Miss Constance Ernser",
        "Email": "Cloyd39@hotmail.com",
        "Phone number": "461.656.4282 x19661",
        "Country": "Venezuela"
    },
    {
        "UUID": "482c72b9-d51e-4669-8dde-598cc94782a3",
        "Full name": "Enrique Farrell",
        "Email": "Lulu_Schaden33@hotmail.com",
        "Phone number": "264.050.3123 x801",
        "Country": "Cuba"
    },
    {
        "UUID": "b94754ef-0e66-40b3-ad05-1dfbb884a5d7",
        "Full name": "Alaina Robel",
        "Email": "Felton72@hotmail.com",
        "Phone number": "(497) 500-6404",
        "Country": "Belgium"
    },
    {
        "UUID": "1b90f56a-32fd-484c-a996-0be87976650b",
        "Full name": "Reed Hand",
        "Email": "Madelynn_Windler16@hotmail.com",
        "Phone number": "269-650-1412 x773",
        "Country": "Estonia"
    },
    {
        "UUID": "9bd7dc0c-4f76-494d-a811-8cd4fd975b41",
        "Full name": "Emmanuelle Mayert",
        "Email": "Yolanda.Hane@yahoo.com",
        "Phone number": "1-429-223-2480",
        "Country": "Kenya"
    },
    {
        "UUID": "a2032e36-e578-4b93-86c4-a0e35af0ad36",
        "Full name": "Carey Ernser",
        "Email": "Briana.Koch29@gmail.com",
        "Phone number": "847-914-0945 x033",
        "Country": "Paraguay"
    },
    {
        "UUID": "47dc1d37-e5a1-491c-b2d4-390a26fac94d",
        "Full name": "Tre O'Hara",
        "Email": "Cydney54@hotmail.com",
        "Phone number": "009-420-0143 x087",
        "Country": "Anguilla"
    },
    {
        "UUID": "e5f54e4f-b124-4744-be78-42ccd0b6a903",
        "Full name": "Chelsea Bashirian",
        "Email": "Opal_Haley@yahoo.com",
        "Phone number": "(516) 092-3476",
        "Country": "Netherlands Antilles"
    },
    {
        "UUID": "82f0c30e-4daf-4c5a-a9f7-502a3fbe3511",
        "Full name": "Dameon Roob",
        "Email": "Shad_Trantow@hotmail.com",
        "Phone number": "066.944.4791 x88811",
        "Country": "Cyprus"
    },
    {
        "UUID": "976f4138-7b83-46c8-8867-14895f9ac235",
        "Full name": "Elyse Schmidt",
        "Email": "Vaughn.Huel80@gmail.com",
        "Phone number": "177.141.0420",
        "Country": "Djibouti"
    },
    {
        "UUID": "24e99a7d-7595-4250-9d30-ec8a500e6902",
        "Full name": "Noemie Kling",
        "Email": "Deven.DAmore@yahoo.com",
        "Phone number": "066.738.5316 x720",
        "Country": "Saint Pierre and Miquelon"
    },
    {
        "UUID": "b970c89b-f40b-423c-b950-76cf98adfcac",
        "Full name": "Assunta Krajcik",
        "Email": "Kylee49@hotmail.com",
        "Phone number": "683.450.6648 x49769",
        "Country": "Kiribati"
    },
    {
        "UUID": "f40f7375-fc77-49c6-9738-8f4a7a22476d",
        "Full name": "Ms. Leila Rath",
        "Email": "Jacinto_Donnelly@gmail.com",
        "Phone number": "(064) 470-0730",
        "Country": "Pakistan"
    },
    {
        "UUID": "f24f5bd1-33ab-4398-a765-b532fd02e519",
        "Full name": "Gonzalo Hilpert",
        "Email": "Stewart13@yahoo.com",
        "Phone number": "940-776-0230",
        "Country": "Cape Verde"
    },
    {
        "UUID": "3c42e119-4a6b-423d-9122-c8aea3291c3f",
        "Full name": "Gabriel Larson",
        "Email": "Emery84@hotmail.com",
        "Phone number": "1-217-245-7391",
        "Country": "Nepal"
    },
    {
        "UUID": "ff2a584b-2d05-4a9f-84a1-4f7645e17d97",
        "Full name": "Tina Padberg",
        "Email": "Werner_Wiza34@hotmail.com",
        "Phone number": "(007) 731-5490 x23086",
        "Country": "Belarus"
    },
    {
        "UUID": "68e6c8b8-ed1a-4173-af08-94181d3a3038",
        "Full name": "Glenda Haag",
        "Email": "Lafayette_Cummings79@gmail.com",
        "Phone number": "1-356-404-3353 x5003",
        "Country": "Moldova"
    },
    {
        "UUID": "f73dda61-05bd-425c-910c-32b13f313b4a",
        "Full name": "Elyse Ledner DVM",
        "Email": "Angel.Renner5@hotmail.com",
        "Phone number": "605-303-6812",
        "Country": "Dominican Republic"
    },
    {
        "UUID": "82908557-a628-4047-9da2-b802295fb63c",
        "Full name": "Freeda Wintheiser I",
        "Email": "Elouise98@yahoo.com",
        "Phone number": "117-864-1219 x665",
        "Country": "Morocco"
    },
    {
        "UUID": "d62b585b-ac76-4ff5-a53a-c53a3ccd3fa7",
        "Full name": "Mr. Isaac Turner",
        "Email": "Jackeline89@hotmail.com",
        "Phone number": "870.712.8852 x00553",
        "Country": "Chad"
    },
    {
        "UUID": "fc855e9f-4936-4304-a511-47d84843027a",
        "Full name": "Dylan Heathcote",
        "Email": "Annamae64@yahoo.com",
        "Phone number": "1-351-231-0022 x925",
        "Country": "Reunion"
    },
    {
        "UUID": "3f4afc77-9f80-4883-ab06-4c673247cac4",
        "Full name": "Norene Monahan",
        "Email": "Victor_Schulist84@hotmail.com",
        "Phone number": "947-520-9557 x5822",
        "Country": "Eritrea"
    },
    {
        "UUID": "3b3d4367-8884-4581-9262-245c953c4439",
        "Full name": "Darien Effertz",
        "Email": "Lukas_King@gmail.com",
        "Phone number": "669.805.0143 x6936",
        "Country": "Uganda"
    },
    {
        "UUID": "85cc1198-cc8b-4eae-a686-51db05cd07d7",
        "Full name": "Porter Gusikowski DVM",
        "Email": "Chauncey88@yahoo.com",
        "Phone number": "147.153.1083 x72008",
        "Country": "Turkey"
    },
    {
        "UUID": "4bbac20f-609b-48c9-9772-07d3acc02754",
        "Full name": "Theron Brakus",
        "Email": "Rosella60@gmail.com",
        "Phone number": "649-763-4866",
        "Country": "Seychelles"
    },
    {
        "UUID": "b069448a-eb1f-495e-820a-a9262b4bc661",
        "Full name": "Mrs. Arnaldo Balistreri",
        "Email": "Vincent44@hotmail.com",
        "Phone number": "1-541-174-7791",
        "Country": "Western Sahara"
    },
    {
        "UUID": "edf2d934-2509-4d40-ac4c-a083f7b90971",
        "Full name": "Rosalyn Lind",
        "Email": "Merle.Olson@hotmail.com",
        "Phone number": "(420) 886-5084 x9610",
        "Country": "Norfolk Island"
    },
    {
        "UUID": "2d1461d3-f573-4e0d-bb50-31a8ee34e51b",
        "Full name": "Lina Bayer",
        "Email": "Jennie59@hotmail.com",
        "Phone number": "318-243-3078",
        "Country": "French Guiana"
    },
    {
        "UUID": "78e8beab-b779-489e-a930-886cbb26cb90",
        "Full name": "Raegan Kshlerin",
        "Email": "Amari17@hotmail.com",
        "Phone number": "(536) 843-7297 x905",
        "Country": "Monaco"
    },
    {
        "UUID": "b8d842f9-fcdb-4e4a-b224-b279869fa850",
        "Full name": "Mr. Erwin Graham",
        "Email": "Aditya_Grimes@hotmail.com",
        "Phone number": "1-574-081-9751",
        "Country": "Malawi"
    },
    {
        "UUID": "0fe0cc29-1505-491e-819c-1750eaabc981",
        "Full name": "Jada Ferry",
        "Email": "Emmett95@yahoo.com",
        "Phone number": "(425) 771-7985 x070",
        "Country": "Aruba"
    },
    {
        "UUID": "4464ace3-5135-4617-b6c0-11bb9ddc3e22",
        "Full name": "Gennaro Rempel",
        "Email": "Ollie.Kunze65@gmail.com",
        "Phone number": "276.534.2527",
        "Country": "Turkey"
    },
    {
        "UUID": "14ab75ed-d07e-41a9-9468-aeeec770169e",
        "Full name": "Joey O'Keefe",
        "Email": "Ressie65@yahoo.com",
        "Phone number": "320-382-7660",
        "Country": "Guinea-Bissau"
    },
    {
        "UUID": "d6cf6dfe-cfb4-41e9-9b57-9aead820161c",
        "Full name": "Orie Orn",
        "Email": "Nia_Parisian@yahoo.com",
        "Phone number": "1-947-236-0574",
        "Country": "United States of America"
    },
    {
        "UUID": "ee72811d-65cb-4c09-81b3-860e22997988",
        "Full name": "Shanna Conroy V",
        "Email": "Oliver71@gmail.com",
        "Phone number": "673-131-1994",
        "Country": "Niger"
    },
    {
        "UUID": "55e887c4-c7fe-4cd9-a9fa-923c33489212",
        "Full name": "Miguel Graham",
        "Email": "Lera17@gmail.com",
        "Phone number": "861-689-2303 x97749",
        "Country": "Lebanon"
    },
    {
        "UUID": "c2d2b3d0-ecbb-4a4d-a504-f13724db8757",
        "Full name": "Florence Ryan",
        "Email": "Jacinthe.Klein10@hotmail.com",
        "Phone number": "1-663-568-5575 x248",
        "Country": "Guyana"
    },
    {
        "UUID": "56125b29-eb8a-409e-840b-8780809c2b99",
        "Full name": "Candace Larson",
        "Email": "Ayden53@hotmail.com",
        "Phone number": "353.100.2941",
        "Country": "Gibraltar"
    },
    {
        "UUID": "102f5266-551e-4c3b-88c7-32a2c7fd0016",
        "Full name": "Rozella Lebsack II",
        "Email": "Marcus.Anderson44@gmail.com",
        "Phone number": "1-274-459-5951",
        "Country": "Kyrgyz Republic"
    },
    {
        "UUID": "2ba8cc3e-1cd1-44b1-a9c1-08cc2264c4a3",
        "Full name": "Ms. Tyree Becker",
        "Email": "Kara_Hintz@yahoo.com",
        "Phone number": "(483) 776-4281",
        "Country": "Japan"
    },
    {
        "UUID": "b93f451d-d32f-499b-9508-c6d714f05a81",
        "Full name": "Rosa Schinner",
        "Email": "Nia.Erdman41@yahoo.com",
        "Phone number": "518.162.0027",
        "Country": "Brazil"
    },
    {
        "UUID": "5385f4f6-f62c-4c09-bdbc-dba807ce4e62",
        "Full name": "Will Treutel",
        "Email": "Emily_Bailey0@hotmail.com",
        "Phone number": "504.685.2046 x790",
        "Country": "Philippines"
    },
    {
        "UUID": "0b63d562-b2da-4795-9840-ffccce314977",
        "Full name": "Hans Reinger",
        "Email": "Shany.Schroeder@gmail.com",
        "Phone number": "344.752.1650 x539",
        "Country": "Taiwan"
    },
    {
        "UUID": "4632c802-c480-4b71-9134-21981960b86c",
        "Full name": "Remington Huel",
        "Email": "Beth.Lemke18@hotmail.com",
        "Phone number": "232.762.9301 x4983",
        "Country": "Czech Republic"
    },
    {
        "UUID": "101e8a0e-8eba-4c43-bfba-5be9eeba521f",
        "Full name": "Myrl Lebsack",
        "Email": "Wendell_Lubowitz@gmail.com",
        "Phone number": "227.060.6752 x22639",
        "Country": "Indonesia"
    },
    {
        "UUID": "97ce76ee-0ae3-4928-9999-e515950b59ae",
        "Full name": "Madelyn Schinner",
        "Email": "Damion.Hagenes@hotmail.com",
        "Phone number": "923.839.1047 x77750",
        "Country": "Ghana"
    }
]