{
    "Passed": "30",
    "Failed": "21",
    "TimedOut": "0",
    "FaiedTests": [
      "Should get 200 or 201 /apollo-middleware/api/Communities",
      "Should get 200 or 201 /apollo-middleware/api/MyCommunities",
      "Should get 200 or 201 /content-catalog/api/paths?includeChild=false&length=10000",
      "Should get 200 or 201 /content-catalog/api/content-bundle",
      "Should get 200 or 201 /content-catalog/api/courses?type=podcast",
      "Should get 200 or 201 /content-catalog/api/courses?type=webinar",
      "Should get 200 or 201 /content-catalog/api/courses?type=tutorial",
      "Should get 200 or 201 /content-catalog/api/courses?type=course",
      "Should get 200 or 201 /content-catalog/api/tracks?type=video-track",
      "Should get 200 or 201 /profile-service/api/surveys?title=Cisco%20U.%20EA%20Onboarding",
      "Should get 200 or 201 /profile-service/api/surveys",
      "Should get 200 or 201 /profile-service/api/userStatus",
      "Should get 200 or 201 /profile-service/api/myList",
      "Should get 200 or 201 /profile-service/api/myList?type=path",
      "Should get 200 or 201 /profile-service/api/myProfile",
      "Should get 200 or 201 /apollo-middleware/api/GetRecommendationsCourses",
      "Should get 200 or 201 /apollo-middleware/api/GetRecommendationsPodcasts",
      "Should get 200 or 201 /apollo-middleware/api/GetRecommendationsPaths",
      "Should get 200 or 201 /apollo-middleware/api/GetRecommendationsTutorials",
      "Should get 200 or 201 /apollo-middleware/api/GetRecommendationsWebinars",
      "Should get 200 or 201 /apollo-middleware/api/GetRecommendationsVideos"
    ],
    "TimedOutTests": [],
    "Skipped": "0",
    "Total": "51",
    "ExecutionTime": "3.77s"
  }